Large_LOH_Telomere,Large_LOH_Centromere,Large_LOH_Other,Middle_LOH_Telomere,Middle_LOH_Centromere,Middle_LOH_Other,Small_LOH_Telomere,Small_LOH_Centromere,Small_LOH_Other,Large_ASCNV_Telomere,Large_ASCNV_Centromere,Large_ASCNV_Other,Middle_ASCNV_Telomere,Middle_ASCNV_Centromere,Middle_ASCNV_Other,Small_ASCNV_Telomere,Small_ASCNV_Centromere,Small_ASCNV_Other,Large_ABCNV_Telomere,Large_ABCNV_Centromere,Large_ABCNV_Other,Middle_ABCNV_Telomere,Middle_ABCNV_Centromere,Middle_ABCNV_Other,Small_ABCNV_Telomere,Small_ABCNV_Centromere,Small_ABCNV_Other,Number_of_Breakpoints,Label
6,3,7,4,6,9,2,6,7,4,3,7,7,2,5,4,1,7,5,1,4,0,9,5,8,0,9,2,1
6,3,8,2,4,2,6,4,8,6,1,3,8,1,9,8,9,4,1,3,6,7,2,0,3,1,7,3,1
1,5,5,9,3,5,1,9,1,9,3,7,6,8,7,4,1,4,7,9,8,8,0,8,6,8,7,0,1
7,7,2,0,7,2,2,0,4,9,6,9,8,6,8,7,1,0,6,6,7,4,2,7,5,2,0,2,1
4,2,0,4,9,6,6,8,9,9,2,6,0,3,3,4,6,6,3,6,2,5,1,9,8,4,5,3,1
9,6,8,6,0,0,8,8,3,8,2,6,5,7,8,4,0,2,9,7,5,7,8,3,0,0,9,3,0
6,1,2,0,4,0,7,0,0,1,1,5,6,4,0,0,2,1,4,9,5,6,3,6,7,0,5,7,0
4,3,1,5,5,0,8,5,2,3,3,2,9,2,2,3,6,3,8,0,7,6,1,7,0,8,8,1,0
6,9,2,6,9,8,3,0,1,0,4,4,6,8,8,2,2,2,3,7,5,7,0,7,3,0,7,3,0
5,7,3,2,8,2,8,1,1,1,5,2,8,3,0,3,0,4,3,7,7,6,2,0,0,2,5,6,0
